Source_IP,Destination_IP,Packet_Count,Session_Duration,Bytes_Sent,Destination_Port
192.168.1.39,10.0.0.5,1017.31795749458,66.4591782579381,250029.11590214891,21
192.168.1.29,10.0.0.4,968.864552921584,73.74309513179095,166468.98954616775,8080
192.168.1.15,10.0.0.1,1233.5564123319614,54.015063832836645,269623.26500321645,21
192.168.1.43,10.0.0.5,1050.8841686602427,42.59018142631626,187497.67427005235,22
192.168.1.8,10.0.0.2,1067.5205324150404,52.90873615098087,214434.68146399286,80
192.168.1.21,10.0.0.2,917.6246067755065,68.54460626794695,213016.09193856103,12345
192.168.1.39,10.0.0.5,902.4787551855013,65.48529858534773,193284.5629264726,80
192.168.1.19,10.0.0.4,913.4883624360758,50.775673139885214,240540.41365798912,8080
192.168.1.23,10.0.0.2,1078.8904284756593,75.21172137764742,239674.43602761065,80
192.168.1.11,10.0.0.4,915.8031038359475,73.48280065926399,112573.40133809096,22
192.168.1.11,10.0.0.2,1057.9549713792826,52.66993936723359,265217.0121439076,12345
192.168.1.24,10.0.0.2,1415.0801597290879,52.567099970350334,116875.40059821628,8080
192.168.1.36,10.0.0.3,1174.2249406863384,54.071720626205106,251627.31021708285,12345
192.168.1.40,10.0.0.2,934.7952935664317,54.92667224611454,256335.25684137916,21
192.168.1.24,10.0.0.1,1240.242784432789,69.50538007928444,145451.6784892401,80
192.168.1.3,10.0.0.5,918.3849253956897,64.25329060476594,179459.28560227077,12345
192.168.1.22,10.0.0.5,592.3750929644292,68.77078769350588,144714.76657570322,443
192.168.1.2,10.0.0.4,798.3827378165192,66.735651431867,189253.94848556325,80
192.168.1.24,10.0.0.2,625.8416157948288,77.14527068193732,184598.28579071295,21
192.168.1.44,10.0.0.1,929.6973031917382,49.4061445619086,238983.026613467,12345
192.168.1.30,10.0.0.4,1003.6836758379103,63.803585303839164,265515.4373059804,8080
192.168.1.38,10.0.0.3,1335.2874624550566,38.26178743765303,269784.1905394978,21
192.168.1.2,10.0.0.4,1065.3854747528326,46.83044425903142,171891.5986710849,443
192.168.1.21,10.0.0.4,956.1798942382271,59.25146614065153,189538.90631277362,12345
192.168.1.33,10.0.0.2,1165.8811162366978,64.18206612754535,115828.09038895249,22
192.168.1.12,10.0.0.3,557.7729381984229,58.981842579704306,159706.49667519057,80
192.168.1.22,10.0.0.4,1047.1229116217132,54.32807581187322,248242.58165487286,8080
192.168.1.44,10.0.0.1,1154.1730387773935,56.105821225069626,280779.1411774116,22
192.168.1.25,10.0.0.1,10000.0,600.0,10000000.0,12345
192.168.1.49,10.0.0.5,1228.750808641386,56.1596782211986,170376.78704235528,12345
192.168.1.27,10.0.0.3,1067.6992814988828,77.49241622043527,198679.71215205366,21
192.168.1.42,10.0.0.3,916.9424172198397,67.94017073541133,214008.05794098033,12345
192.168.1.28,10.0.0.5,1126.556373221257,64.5753734614823,159519.8240039177,8080
192.168.1.16,10.0.0.4,15000.0,900.0,8000000.0,22
192.168.1.15,10.0.0.3,1036.373251011699,69.35238161399627,176308.0326464542,8080
192.168.1.47,10.0.0.1,1049.644117260067,55.06229422251501,199277.38645608604,443
192.168.1.44,10.0.0.1,908.1278200919512,48.055602419943,227314.21240018497,443
192.168.1.3,10.0.0.2,830.0311261070417,65.12843613079377,200321.11349054688,80
192.168.1.37,10.0.0.3,1166.067163308849,46.1205393943346,178180.70547367158,80
192.168.1.7,10.0.0.4,828.7832348182266,52.377585378704175,194519.50980370847,443
192.168.1.21,10.0.0.5,1014.3132474438785,59.89884088531089,195581.85203973323,12345
192.168.1.9,10.0.0.5,904.4685106469767,82.18421424114727,181499.4485058936,8080
192.168.1.39,10.0.0.4,1095.7959651492783,53.13084244207512,187060.1968666449,443
192.168.1.18,10.0.0.2,1066.7324210573897,55.41783480699425,279932.35852523585,80
192.168.1.4,10.0.0.5,1207.5079888515797,67.32345054421646,228045.97239706194,443
192.168.1.25,10.0.0.3,897.9967202290507,47.61704311623954,185225.984098542,12345
192.168.1.14,10.0.0.2,946.0250129413257,64.42806381020915,234847.7202255368,443
192.168.1.50,10.0.0.3,804.2472568435385,72.05926807616588,183309.0255121995,8080
192.168.1.9,10.0.0.1,911.1413479847777,56.92905115288899,258656.23187933207,22
192.168.1.26,10.0.0.2,1075.4600986089704,70.26154281396866,218482.1096099047,12345
192.168.1.2,10.0.0.5,1151.3977233290705,62.91449923211806,194634.89279978856,80
192.168.1.20,10.0.0.2,815.5669351644749,52.69318036196219,222385.84629051387,8080
192.168.1.28,10.0.0.2,1173.921184021132,58.021953141034935,121456.19239657503,443
192.168.1.47,10.0.0.2,1271.1275717609901,56.202426600197576,143661.62655450974,443
192.168.1.7,10.0.0.2,1082.6869806447403,59.12361742183523,140303.7496800472,22
192.168.1.44,10.0.0.3,1375.3591625116132,61.52717899219829,207147.15473818535,80
192.168.1.8,10.0.0.1,845.2421601792854,65.88199934971857,286625.7499742546,80
192.168.1.47,10.0.0.4,751.0690593377166,65.08668249587136,311565.0073096316,21
192.168.1.35,10.0.0.2,644.2559502191443,35.68286428737852,231902.55507203785,80
192.168.1.14,10.0.0.5,1299.2088622978367,59.02691811227973,225042.22374722286,22
192.168.1.17,10.0.0.2,1130.8731312708114,44.90578086593237,109947.11329236305,21
192.168.1.36,10.0.0.5,988.883065817909,57.242727475326745,172866.3100132989,21
192.168.1.50,10.0.0.3,1055.993725263964,58.7621041218908,160610.81240458804,443
192.168.1.40,10.0.0.5,774.9021905403247,69.76148358084708,168957.6200874442,443
192.168.1.4,10.0.0.4,1489.1503959233653,59.698845328999006,191592.80907076053,80
192.168.1.2,10.0.0.1,1025.8442363950455,62.5921801834326,176395.47111514362,21
192.168.1.6,10.0.0.5,1021.8789589209786,67.9305638065743,101035.00948121061,443
192.168.1.42,10.0.0.5,1145.1533247797383,72.277522598193,237395.5128058767,22
192.168.1.4,10.0.0.1,1096.2018463473426,58.769860766430895,146362.84871300968,443
192.168.1.29,10.0.0.4,1044.7768048558262,60.941794416804086,211962.34320555747,12345
192.168.1.18,10.0.0.2,841.9051089109377,60.100233022422536,303704.1334874987,12345
192.168.1.26,10.0.0.5,1094.2936714271991,54.57401035568924,154030.77042067883,443
192.168.1.44,10.0.0.1,1376.4048992950068,52.308847765576104,73485.62386268351,21
192.168.1.34,10.0.0.3,1269.0840092309954,37.28114083574064,185699.78890599447,21
192.168.1.10,10.0.0.1,1318.6373253278794,49.233390654756704,255047.98174992856,8080
192.168.1.36,10.0.0.3,897.756864713763,42.21369166790197,297917.3727110297,12345
192.168.1.14,10.0.0.4,802.0790359482838,72.55198484453253,138522.52027737917,22
192.168.1.31,10.0.0.2,974.8426159800704,61.88416008297428,224834.9611618261,21
192.168.1.48,10.0.0.1,1011.1449824577389,58.74061027053166,176734.47716099734,80
192.168.1.15,10.0.0.5,1218.8383036941898,52.82514813918918,194702.58228479323,12345
192.168.1.8,10.0.0.4,661.5070740570361,60.29779263234624,332217.1673508517,22
192.168.1.14,10.0.0.1,1305.9100638921227,51.52020122344666,124851.48358024233,22
192.168.1.23,10.0.0.5,12000.0,1200.0,10000000.0,21
192.168.1.40,10.0.0.1,914.623786010516,62.45733982921353,223384.65858827165,22
192.168.1.21,10.0.0.3,797.5791249479665,51.38616297643256,254289.31624696736,21
192.168.1.16,10.0.0.1,669.0286656268461,51.19538035177594,204899.15767354477,443
192.168.1.45,10.0.0.1,1164.6341167923829,69.62199354595117,215402.5269752051,12345
192.168.1.18,10.0.0.1,1014.6635934376808,59.471400457087,180417.57162891043,8080
192.168.1.47,10.0.0.4,742.0078200517892,52.189795707351095,213456.34706225537,443
192.168.1.24,10.0.0.1,740.9842455872767,56.29493698310481,182840.38622512948,12345
192.168.1.26,10.0.0.5,932.8430601419743,49.894059132933926,231078.59449280254,21
192.168.1.25,10.0.0.3,1333.8043050578785,59.32816419338083,181519.4831978183,12345
192.168.1.45,10.0.0.3,948.081729727279,68.31628307664468,218855.01969510934,21
192.168.1.41,10.0.0.1,699.3714093763788,59.72329332405739,198536.8593157511,443
192.168.1.29,10.0.0.4,950.8513871828111,83.63633443675384,256302.5125386084,80
192.168.1.15,10.0.0.4,945.4552860504659,64.21359568049002,197430.31382057568,80
192.168.1.45,10.0.0.5,460.6226714116857,62.29954447842212,111348.37658965593,12345
192.168.1.1,10.0.0.1,989.1410266964375,50.91697869034194,263096.0750356996,80
192.168.1.25,10.0.0.3,953.8130939582644,57.61466553157333,154713.38495686906,21
192.168.1.7,10.0.0.4,1139.2412729626838,52.209861569663076,167311.683067559,22
192.168.1.9,10.0.0.1,1369.791218989069,38.34354771595876,170216.9352978254,21
192.168.1.24,10.0.0.4,1225.3130059095515,69.74262222128807,268721.90465854085,22
192.168.1.1,10.0.0.4,946.2222618890339,54.88549444449769,93216.28930106522,443
192.168.1.44,10.0.0.3,778.694818251666,52.39599925666694,356887.4266829997,8080
192.168.1.8,10.0.0.2,1514.671960649972,62.10570033958465,252802.8404533026,22
192.168.1.24,10.0.0.5,1011.8436868028977,65.12499552221517,211161.94570645798,80
192.168.1.11,10.0.0.5,1002.7858583825893,56.79225167093721,197255.29996918567,21
192.168.1.17,10.0.0.3,995.1749825779993,59.97398332390981,214277.70374288285,443
192.168.1.8,10.0.0.4,1039.616952153571,67.46187407314403,226056.1214189669,80
192.168.1.35,10.0.0.1,971.1279176152115,56.39806405390053,232260.77929750286,443
192.168.1.35,10.0.0.4,885.2675986239527,63.02333741763334,227780.22330017242,8080
192.168.1.33,10.0.0.3,890.6282117519215,43.407553816108496,204479.03406276245,21
192.168.1.5,10.0.0.5,993.4493459568004,47.58681001572251,190133.0789846337,12345
192.168.1.42,10.0.0.4,891.315045773247,66.05539778080404,192436.3358173244,21
192.168.1.39,10.0.0.5,857.4308434645671,47.064413608327015,190254.58598236594,8080
192.168.1.41,10.0.0.1,1021.2860455383793,62.34137547113296,256688.50484335324,21
192.168.1.28,10.0.0.5,949.004556515829,58.530012178029274,229677.83611404308,12345
192.168.1.7,10.0.0.5,1300.7985977165376,56.35532737479771,52980.568266785995,22
192.168.1.9,10.0.0.2,469.80603832139764,51.71537231032272,232795.03882648805,443
192.168.1.8,10.0.0.2,1218.3013703844924,69.09340018105375,209736.80973593873,12345
192.168.1.12,10.0.0.2,1249.2170384995259,77.29891154519835,199064.56217770514,80
192.168.1.34,10.0.0.5,585.32195351837,63.001921626001945,180574.0773455557,8080
192.168.1.33,10.0.0.3,931.4624811839302,63.22490715672817,256205.6359993007,22
192.168.1.48,10.0.0.5,925.7118268008417,53.17669370142506,247376.3231061429,80
192.168.1.23,10.0.0.3,718.4976610564357,48.0390276817562,161356.11660881955,80
192.168.1.24,10.0.0.3,844.4366624818249,59.60261095193825,220352.61435622675,8080
192.168.1.37,10.0.0.2,777.8848309068343,50.262503520419244,151417.1632729357,22
192.168.1.35,10.0.0.4,1350.4540886847244,42.273898716841785,131019.09176055348,80
192.168.1.44,10.0.0.1,1187.1356786294923,68.03445812365582,168664.13877050174,80
192.168.1.40,10.0.0.2,1254.3110189988317,68.52166788251833,243119.67361913793,22
192.168.1.22,10.0.0.2,1144.334412808647,51.41161227046906,247656.25226880432,21
192.168.1.27,10.0.0.4,774.1896457565542,62.43964321279244,225654.27100486465,80
192.168.1.35,10.0.0.1,895.0959467440452,70.01952267791766,236254.78934239986,443
192.168.1.1,10.0.0.5,1097.8749122455836,62.05026687061879,225808.91435574793,22
192.168.1.35,10.0.0.5,755.574438221611,48.068453539012665,167925.92023885238,80
192.168.1.37,10.0.0.2,1142.5996860344776,57.67106586762901,221596.12723369704,8080
192.168.1.47,10.0.0.1,951.934920368373,73.26809420041991,240020.47626138412,12345
192.168.1.14,10.0.0.2,925.0358384900806,62.470266436051126,237714.5664906787,443
192.168.1.3,10.0.0.3,1142.1919936406982,65.39132103182806,259445.66857373214,12345
192.168.1.1,10.0.0.2,1088.8526622972079,63.41629219369114,235415.1923600532,12345
192.168.1.5,10.0.0.2,927.806766836184,51.444886420217465,217572.41037707916,80
192.168.1.26,10.0.0.5,1231.8659606728497,53.79154780717357,253507.51191582138,443
192.168.1.14,10.0.0.5,783.7873344800205,63.388651570517425,198673.937037547,443
192.168.1.39,10.0.0.5,1123.1871213888528,68.16871780020408,155906.2674386141,21
192.168.1.27,10.0.0.3,1118.6202515936768,70.99904950917883,191846.6518028118,12345
192.168.1.9,10.0.0.5,938.090712137202,51.41894455231807,162754.86775967755,443
192.168.1.15,10.0.0.1,1065.2266044484236,64.33120534677194,166241.0862512809,21
192.168.1.15,10.0.0.4,749.7772847229394,71.87044111718977,192774.0664642241,22
192.168.1.26,10.0.0.1,1184.8054038413802,50.129182297119776,160379.00395000193,21
192.168.1.42,10.0.0.1,963.0195727114021,74.86747135799774,184601.923518048,8080
192.168.1.13,10.0.0.5,895.4553958961922,76.3894082734419,105319.26665231072,80
192.168.1.32,10.0.0.4,1209.801845167378,86.2508633962166,210664.68536864693,22
192.168.1.39,10.0.0.4,859.1312618914482,62.30933440829995,200060.27376811122,22
192.168.1.49,10.0.0.4,718.3077407272881,62.36424676262449,159145.56844659048,8080
192.168.1.32,10.0.0.3,688.6741652952193,68.26994389117317,232962.28342162026,21
192.168.1.4,10.0.0.5,1121.201990269128,67.97802673049416,246878.50688132792,80
192.168.1.30,10.0.0.4,743.9141295007435,71.26366860995606,119622.00678155129,21
192.168.1.37,10.0.0.3,1350.9588363968728,67.84033180465104,161863.76107168928,443
192.168.1.23,10.0.0.2,583.6141184232556,58.939380909619615,161542.88251063507,21
192.168.1.39,10.0.0.2,1339.2912736580076,72.21997120973502,153004.84494455677,22
192.168.1.45,10.0.0.3,1042.2034934405237,49.28745850307274,241473.74209658743,80
192.168.1.15,10.0.0.3,980.6573776259215,60.05852336725376,190308.6930613598,21
192.168.1.43,10.0.0.5,891.01618263821,75.63735616049799,186774.25793446947,80
192.168.1.29,10.0.0.5,1079.827222870414,47.49753501879681,99806.88177966233,80
192.168.1.36,10.0.0.2,992.4730595150303,53.22524343002837,231770.90151046132,443
192.168.1.13,10.0.0.4,1220.6603764033043,66.71747291077291,138037.08025732636,443
192.168.1.32,10.0.0.2,1022.845529732408,63.939119732361526,202996.63151331642,22
192.168.1.7,10.0.0.4,1030.0603522923755,51.24974592343755,213868.8468979096,8080
192.168.1.22,10.0.0.4,927.2775575572289,55.838059972698595,268032.9297919326,80
192.168.1.28,10.0.0.5,988.6108752557865,48.19217937349661,134558.98004404438,8080
192.168.1.2,10.0.0.1,1061.5603537784118,69.80484999520573,49024.39220895874,22
192.168.1.42,10.0.0.1,657.9663214686749,57.44118642329468,209192.47723768474,80
192.168.1.45,10.0.0.3,730.3629155788574,77.92155910760633,290025.55907554267,80
192.168.1.6,10.0.0.5,1148.652818804543,60.811002440400216,261947.31764697187,12345
192.168.1.28,10.0.0.4,1034.1730876255883,57.80259696597123,210482.97076373128,8080
192.168.1.28,10.0.0.1,963.2033327294641,56.83178238708202,175418.19071839764,21
192.168.1.44,10.0.0.4,1003.6867866130787,57.55800164807572,240356.12983186552,443
192.168.1.44,10.0.0.1,1069.5163410723342,61.10821095133803,151322.69001477657,21
192.168.1.20,10.0.0.1,892.0480639381277,85.12407576578319,223817.88846781096,8080
192.168.1.30,10.0.0.1,844.3390549195375,56.611403299006405,225273.50795833135,443
192.168.1.11,10.0.0.5,1039.1690510195363,56.936465392286905,253010.495374944,21
192.168.1.28,10.0.0.2,10000.0,1200.0,5000000.0,12345
192.168.1.25,10.0.0.4,1081.6505511428943,70.90274506344261,219620.79835893837,443
192.168.1.39,10.0.0.5,659.4832791524319,45.79015438927221,174551.81871462506,80
192.168.1.33,10.0.0.5,1205.8311274651287,64.55092736909646,198721.28439040028,21
192.168.1.1,10.0.0.5,1094.5194964826087,51.82574823978838,111546.20475554408,443
192.168.1.27,10.0.0.5,1051.2059468627751,65.53272688950949,165264.3434455471,12345
192.168.1.13,10.0.0.5,1196.5381967891028,55.06240057639544,179535.8780943448,443
192.168.1.41,10.0.0.3,1333.0948888925154,36.958976602427136,173795.58010327036,443
192.168.1.3,10.0.0.4,1202.874013003626,63.69577602687485,207617.7436016861,12345
192.168.1.39,10.0.0.5,631.825153733671,63.611447703468684,158879.00338088998,21
192.168.1.6,10.0.0.4,744.0846066528597,54.2091969152057,256051.53336622356,22
192.168.1.8,10.0.0.3,875.0362844608642,53.61656139856998,200010.35324590985,21
192.168.1.27,10.0.0.3,1005.2182100421668,46.88627274912348,199534.98394306927,8080
192.168.1.9,10.0.0.4,1103.5318040938246,67.73099941538871,183605.26417435412,12345
192.168.1.37,10.0.0.1,854.8512373693069,68.82215782466808,207759.53419294895,21
192.168.1.33,10.0.0.2,1037.3533528954156,51.2094911482411,241254.91323338173,443
192.168.1.42,10.0.0.1,848.9234135293354,54.600655404611494,156643.48921445498,12345
192.168.1.44,10.0.0.1,877.6964394016104,59.367108788610366,167094.17554623715,80
192.168.1.24,10.0.0.1,718.6677806303555,82.70865281035546,184813.69856116676,21
192.168.1.15,10.0.0.5,815.3533507778192,65.45121747588932,132706.45382633928,12345
192.168.1.32,10.0.0.3,729.6630788767333,50.5658448499162,159037.1070139251,21
192.168.1.32,10.0.0.1,804.8253494045334,63.03780309490506,176188.95632276704,12345
192.168.1.24,10.0.0.3,1210.728359321568,46.23308459361918,243719.4590356364,443
192.168.1.41,10.0.0.4,810.1202222336115,67.1799030991617,213128.06645009626,80
192.168.1.49,10.0.0.2,1526.4764129674782,76.75547393544485,209679.49556837723,80
192.168.1.49,10.0.0.4,1098.663580176178,76.79791685083958,242544.8981083986,8080
192.168.1.12,10.0.0.4,1036.967224738975,67.34893503474339,193131.41058003018,12345
192.168.1.39,10.0.0.5,828.3284439637573,54.1658764413187,219523.2424964445,21
192.168.1.2,10.0.0.2,1140.0619758817984,46.99098243485874,194838.9123533752,80
192.168.1.3,10.0.0.4,884.8724347524452,45.99794956630891,213268.11746998143,80
192.168.1.49,10.0.0.4,1024.4019629290724,31.937828905014566,170862.06711942088,22
192.168.1.37,10.0.0.2,1512.016907653759,66.93855763007922,78059.14208617854,22
192.168.1.49,10.0.0.2,980.78802005507,58.97164479775601,193286.0418906848,80
192.168.1.17,10.0.0.4,1229.8546652571351,69.09216166453128,271137.406804997,12345
192.168.1.49,10.0.0.2,859.3647149748225,74.28031485234789,246310.77011207963,8080
192.168.1.2,10.0.0.4,993.0023019006077,60.9990554390241,248269.87422955854,80
192.168.1.2,10.0.0.4,1354.160127127102,61.4596160971315,261806.5360903109,443
192.168.1.28,10.0.0.5,874.6065884424465,55.35679655502533,204432.87954807188,21
192.168.1.23,10.0.0.1,1362.4897115993858,56.539155828275916,209865.78537027977,8080
192.168.1.37,10.0.0.4,1141.550387091095,67.28469912472934,169117.4052282825,443
192.168.1.32,10.0.0.3,887.5066448211464,58.2562496963469,184196.3571986475,8080
192.168.1.33,10.0.0.1,1126.4815478111043,56.80992333247176,230788.55748855707,443
192.168.1.1,10.0.0.1,1194.510889925346,59.81683140557149,260194.2218584408,21
192.168.1.19,10.0.0.1,1124.3619924434392,68.8633019606159,193027.68621595003,21
192.168.1.2,10.0.0.5,685.9550560219087,53.073384421698975,177490.53675742942,22
192.168.1.44,10.0.0.4,854.5725648350262,59.334714824479676,200026.39794282988,12345
192.168.1.26,10.0.0.5,950.4962728896991,62.4527783777843,230060.33744645573,443
192.168.1.32,10.0.0.4,985.1133141799908,71.60221903585239,127807.25919332291,22
192.168.1.6,10.0.0.5,1124.1344195101356,57.607032232005814,85190.9523431381,443
192.168.1.32,10.0.0.5,1035.5402001866507,52.821766139482776,172473.15752542083,22
192.168.1.4,10.0.0.3,732.9311282579797,55.156390557276445,138964.37870429206,21
192.168.1.11,10.0.0.5,1076.0395702011926,70.5305743301538,174592.99011763447,8080
192.168.1.17,10.0.0.2,1122.1171490567647,80.33305298603464,192610.98405912644,22
192.168.1.38,10.0.0.3,1111.958089586208,46.86242186313967,177337.57954884932,443
192.168.1.24,10.0.0.5,1216.1561451109244,49.04698384930143,272623.3767235373,443
192.168.1.5,10.0.0.1,1166.784430909781,58.312032132978544,216337.238230116,12345
192.168.1.34,10.0.0.2,1091.8360158456874,61.10956096068043,215023.7179805414,21
192.168.1.6,10.0.0.2,985.9668577082706,67.86969565554995,231110.3572021701,443
192.168.1.22,10.0.0.2,667.8078132968017,51.088669913985136,143058.34411096154,80
192.168.1.11,10.0.0.3,1085.9236438265173,49.36890963350535,251955.58937101343,8080
192.168.1.48,10.0.0.5,1041.5375374326222,61.3808715313363,196211.78567322702,22
192.168.1.16,10.0.0.5,1054.3157674390748,57.41599279792832,233524.03086206064,12345
192.168.1.33,10.0.0.1,744.6502848359381,69.26720997771525,146407.13834799224,8080
192.168.1.9,10.0.0.1,783.7886919183475,64.87359803190384,122312.06169919678,21
192.168.1.6,10.0.0.2,1210.6305706665808,65.55379347633219,240894.48290125144,12345
192.168.1.16,10.0.0.1,992.088969228669,58.95518653623134,218820.47630487583,22
192.168.1.29,10.0.0.3,12000.0,600.0,5000000.0,22
192.168.1.3,10.0.0.5,1005.6636752260922,51.6225201840624,156516.84593626528,80
192.168.1.20,10.0.0.2,1005.951227899149,66.10809833754774,256271.73922073847,21
192.168.1.36,10.0.0.1,1187.6567611951996,47.30310012926893,140529.4053566336,12345
192.168.1.19,10.0.0.3,896.7910543565253,49.265323222605474,282133.6476627982,12345
192.168.1.26,10.0.0.3,1019.2241553881967,53.92654401234545,154968.96326760657,443
192.168.1.3,10.0.0.1,907.5449422589916,76.29323336618026,231919.59628041915,80
192.168.1.19,10.0.0.5,913.1007545135369,62.63894430454019,183569.07621255078,80
192.168.1.20,10.0.0.1,938.1655753062721,54.095219314556246,230159.37155411716,12345
192.168.1.32,10.0.0.2,1044.4267543267426,63.744363259545736,172794.29989429037,12345
192.168.1.7,10.0.0.1,904.2502756673045,60.351478814245084,191860.3546963853,8080
192.168.1.41,10.0.0.3,1251.1512251147042,55.0802663086088,202045.95876978606,8080
192.168.1.33,10.0.0.1,821.0785395560993,46.03371144211772,149890.62721092638,8080
192.168.1.40,10.0.0.5,962.6256711677282,74.3854248451229,237041.2172710063,80
192.168.1.39,10.0.0.4,912.053788345165,62.09818128710042,174339.32167642075,443
192.168.1.18,10.0.0.1,1289.3955768707465,81.7373837346824,188570.00423299908,22
192.168.1.40,10.0.0.5,1039.3109553023148,69.4032162054088,150282.5312695744,8080
192.168.1.1,10.0.0.5,1206.368907893727,65.51319724761042,71883.31706023448,443
192.168.1.11,10.0.0.3,702.8879253926057,55.64795671383033,190448.61186999155,21
192.168.1.28,10.0.0.5,1053.4100531738518,49.04654436143083,320630.7710806458,8080
192.168.1.25,10.0.0.5,1177.9261591246875,57.82269015511553,239230.21439490118,22
192.168.1.50,10.0.0.5,1016.4567978550848,48.75707405794169,199036.98101328028,21
192.168.1.23,10.0.0.5,1213.0960750130703,66.50190380730754,186855.45853958663,21
192.168.1.31,10.0.0.2,896.5423099799256,76.3265249769713,201123.2946406023,22
192.168.1.30,10.0.0.2,1281.8694880371158,57.3908773388287,227355.9557587605,8080
192.168.1.42,10.0.0.3,1459.77962472385,69.44490972391196,140959.35923455775,80
192.168.1.35,10.0.0.1,927.4322879120682,53.107709297831434,255716.0847334436,22
192.168.1.7,10.0.0.5,910.8994957198456,56.975331617926486,235769.0657720622,22
192.168.1.16,10.0.0.1,1290.6768954235401,51.85036015434557,235909.28628539672,22
192.168.1.26,10.0.0.1,1315.9144291461425,38.6686696492949,221923.78694048637,21
192.168.1.48,10.0.0.3,895.4279945693463,59.63466650081389,200980.83288469948,443
192.168.1.49,10.0.0.5,915.9626365808285,61.28451737597753,233643.061798341,80
192.168.1.2,10.0.0.5,943.6430782278985,70.65860998761637,229590.70668706892,8080
192.168.1.1,10.0.0.4,731.1098977931446,67.95438252669288,182297.9644529488,8080
192.168.1.48,10.0.0.1,816.2696107031604,68.08952899038995,171319.91135515494,443
192.168.1.12,10.0.0.1,799.1718466495864,50.25963776882123,205092.81476309933,22
192.168.1.5,10.0.0.2,846.4404869791744,64.59497306070692,277451.00757475937,80
192.168.1.37,10.0.0.4,993.0630225226438,75.82593965481593,138044.64621730495,8080
192.168.1.32,10.0.0.2,1046.842946507304,63.79867850709081,126623.736712378,12345
192.168.1.9,10.0.0.2,1310.1000985628154,78.28593613064997,208238.04206182584,8080
192.168.1.41,10.0.0.2,800.3291918522418,80.18966111119863,202544.3850928009,22
192.168.1.35,10.0.0.3,1196.8644796953167,57.315317297083546,208667.08321852042,12345
192.168.1.19,10.0.0.3,957.2022311548982,53.030602549194285,212197.65989542502,443
192.168.1.48,10.0.0.2,990.1072580695134,52.3853783458105,188839.88726825974,80
192.168.1.16,10.0.0.4,1134.9638984333208,44.8386417989678,274493.1719301041,443
192.168.1.3,10.0.0.1,775.4555956875403,54.81597100584478,119954.80107617422,443
192.168.1.20,10.0.0.4,1076.4819492368101,72.07665449756246,158575.1487609877,80
192.168.1.24,10.0.0.5,1033.2904416426113,37.9596242474876,194837.26199254763,80
192.168.1.33,10.0.0.3,1098.4902528016298,49.62546599286254,117840.55944229163,8080
192.168.1.24,10.0.0.1,1057.8337287815637,58.72868558348002,191207.27977839645,8080
192.168.1.11,10.0.0.1,1491.0600279821788,51.228147993783,283073.50828640093,80
192.168.1.49,10.0.0.5,872.4520031497368,54.7271405575978,201044.3244147981,12345
192.168.1.8,10.0.0.5,893.8006089996364,54.87670325577697,211535.04528593417,21
192.168.1.36,10.0.0.2,875.3718947150471,57.42459779938251,136991.76174137098,8080
192.168.1.38,10.0.0.3,888.904576167949,52.70545303890261,169181.92959802612,21
192.168.1.40,10.0.0.3,872.5225745386965,51.88786786144452,181240.18098380315,12345
192.168.1.20,10.0.0.4,1237.8033062215104,69.34309745921232,184114.2451621883,80
192.168.1.35,10.0.0.2,1284.1008495979709,70.49654177860346,264082.18975018844,12345
192.168.1.48,10.0.0.2,885.8507412501048,46.19456654752591,227884.55303625623,8080
192.168.1.25,10.0.0.2,833.5288853791542,32.404026007271156,144427.1021531484,443
192.168.1.35,10.0.0.2,1094.2831112772808,70.63374849570931,212325.23892160025,80
192.168.1.25,10.0.0.3,889.5553911438058,47.71199581447863,224911.08742483926,22
192.168.1.29,10.0.0.3,1126.586363551102,62.1274483845974,257007.45192606334,21
192.168.1.18,10.0.0.2,1040.58460417026,44.34328126971783,279027.03432841867,12345
192.168.1.46,10.0.0.4,696.8511770005537,72.97754985259672,149245.29040860658,80
192.168.1.18,10.0.0.1,1309.5010402660123,85.43667895301527,159457.1244394831,12345
192.168.1.2,10.0.0.1,1359.1755346191044,61.82806909205337,137121.10705426917,80
192.168.1.35,10.0.0.4,877.4422619031227,59.05897351540483,188299.00704465093,8080
192.168.1.16,10.0.0.2,922.4596880128032,56.77860424809936,223317.91872231674,8080
192.168.1.41,10.0.0.3,1057.173078144981,67.81799311312912,249366.7258294551,8080
192.168.1.36,10.0.0.1,1066.891357997405,65.67686750934585,196202.44881787387,12345
192.168.1.33,10.0.0.5,1131.7088545345662,70.03498453552865,184007.6238372578,22
192.168.1.4,10.0.0.5,1402.04090775327,53.720834774019174,207587.89961243703,8080
192.168.1.33,10.0.0.4,964.6105545011901,63.40117706404645,158242.85491849884,80
192.168.1.14,10.0.0.2,840.3405510923093,54.57531933293804,304476.9360847387,8080
192.168.1.21,10.0.0.1,724.1361543970945,49.422843519299455,119616.94864409706,443
192.168.1.48,10.0.0.2,853.8139920116162,59.589845789965366,209237.02894478623,8080
192.168.1.20,10.0.0.1,993.3746054252406,50.77487269622918,301180.310961482,12345
192.168.1.8,10.0.0.4,1358.9115727035576,71.73726997742588,200339.9922279999,22
192.168.1.7,10.0.0.4,896.4777401927657,51.38079621984177,190498.04824992528,443
192.168.1.3,10.0.0.5,1044.7575903277798,63.6354594068736,182127.72885947864,12345
192.168.1.17,10.0.0.2,996.7154207854496,53.965777012402775,190980.41591187962,12345
192.168.1.33,10.0.0.5,1237.678654689617,62.77062750437512,268642.4237338265,12345
192.168.1.48,10.0.0.2,1505.3864851747244,54.760034265446436,89406.90443352466,80
192.168.1.12,10.0.0.5,893.8262454159359,47.42788725142462,276671.68506481627,12345
192.168.1.22,10.0.0.3,902.1121114963555,64.83772740951845,128802.14237749274,80
192.168.1.22,10.0.0.3,1208.8321754138144,57.64584378086778,186667.38353827927,12345
192.168.1.46,10.0.0.3,1136.3782979252624,62.859849407224594,178537.77898506692,21
192.168.1.30,10.0.0.3,1369.3414651472067,55.71157064369562,229427.663488536,443
192.168.1.38,10.0.0.1,1116.7856370651928,46.72063486231548,120093.78240581263,21
192.168.1.38,10.0.0.3,928.141581842588,70.83178597056256,223108.63330409714,12345
192.168.1.45,10.0.0.4,1118.1309661384619,67.36757755441089,301215.4811643426,443
192.168.1.8,10.0.0.4,1221.7407161165816,54.33039024446756,131841.29977035947,443
192.168.1.27,10.0.0.1,1164.0964362394727,60.69779213498798,209485.3083805198,22
192.168.1.27,10.0.0.3,1101.4548062214596,70.42019483162937,166900.89111016956,21
192.168.1.34,10.0.0.3,1213.3349379178308,55.42961664137603,221294.3603096518,22
192.168.1.21,10.0.0.3,15000.0,600.0,10000000.0,443
192.168.1.30,10.0.0.5,1276.4317982075054,62.43632500007374,167925.65454778454,80
192.168.1.33,10.0.0.2,1129.7419775179285,55.40908936445414,224393.6142435537,443
192.168.1.28,10.0.0.5,966.5763839366291,68.57091996987023,290217.40548933716,22
192.168.1.47,10.0.0.2,1029.3427372866645,58.31099219692562,190454.81041363507,21
192.168.1.33,10.0.0.3,1241.3017933016713,52.15964125006026,235987.89710740908,12345
192.168.1.5,10.0.0.3,836.6128658025527,66.08638829873995,135336.3521064418,12345
192.168.1.48,10.0.0.5,1073.7346617745802,48.57869350568653,152178.18115909956,21
192.168.1.19,10.0.0.5,921.3322375345278,80.14878561124213,223620.31389401888,12345
192.168.1.4,10.0.0.2,1005.7489645869636,75.82496363580202,274205.8014267982,12345
192.168.1.35,10.0.0.4,1255.6903725214597,65.13495476921015,217780.667439283,22
192.168.1.49,10.0.0.2,1038.2198136039806,64.29331021819903,184347.09847384228,21
192.168.1.17,10.0.0.5,1009.2873096312297,63.82441417819298,199964.5702711677,8080
192.168.1.44,10.0.0.5,728.0287718040162,55.10905214081093,137479.61330151412,80
192.168.1.28,10.0.0.1,1149.250713205444,62.97309645680842,230225.76631776834,80
192.168.1.30,10.0.0.5,1129.0968362282151,50.768673895421514,244116.65311617046,12345
192.168.1.29,10.0.0.1,1432.6509446610921,65.03818418440181,177395.48335834598,80
192.168.1.46,10.0.0.4,938.4443530093998,68.67846943031296,176497.89261202494,21
192.168.1.6,10.0.0.2,1043.8300655327878,56.219138990166655,213293.91148260242,21
192.168.1.35,10.0.0.2,15000.0,900.0,10000000.0,443
192.168.1.41,10.0.0.1,1315.4906559526949,47.8752297535209,196693.3692687089,443
192.168.1.37,10.0.0.2,980.9408935226096,74.57955233565691,304986.08945832576,80
192.168.1.24,10.0.0.5,1055.8043051540678,54.843359661577885,187648.71496270018,8080
192.168.1.29,10.0.0.3,1121.5793019433079,58.01260963983377,182082.9923989389,443
192.168.1.49,10.0.0.1,1037.3218246312717,63.001555849957256,167622.90971824204,443
192.168.1.46,10.0.0.2,910.7132770898943,62.822076428899344,237209.59857499684,21
192.168.1.31,10.0.0.1,1038.8179985796614,67.4656009568107,190938.79133909484,8080
192.168.1.35,10.0.0.1,1214.7263499719545,56.20670080161671,167531.3480839287,12345
192.168.1.33,10.0.0.3,794.696940117788,48.61332061529087,266065.2016136506,80
192.168.1.21,10.0.0.5,1026.5939348293753,46.86334691027684,270980.15022568183,443
192.168.1.32,10.0.0.1,859.9758370121654,54.207447671571536,169978.82171306474,8080
192.168.1.23,10.0.0.2,1239.0093257849685,50.48149525325376,106673.00243196919,8080
192.168.1.33,10.0.0.4,695.3626190432451,56.963832946922416,250375.6844918461,80
192.168.1.3,10.0.0.1,888.2156305456823,73.07578810759983,165768.5087119998,8080
192.168.1.18,10.0.0.1,1075.4423750129042,56.22721794116311,239531.27995813842,8080
192.168.1.25,10.0.0.3,1313.1048058468682,56.22349138665443,101494.80911440823,8080
192.168.1.42,10.0.0.5,986.8499477854025,59.83601223744211,244629.86691496545,443
192.168.1.31,10.0.0.4,888.9600946613604,55.94375008787934,139441.40353596094,80
192.168.1.3,10.0.0.2,1376.231413888118,59.32608764281806,236538.20595332622,8080
192.168.1.40,10.0.0.4,710.3972199167513,65.40869222481346,200713.65339182172,8080
192.168.1.46,10.0.0.2,560.2388086759836,68.84751054763314,152303.02903016776,443
192.168.1.24,10.0.0.5,1088.0028900106665,70.03213199739024,179648.18435366097,80
192.168.1.50,10.0.0.2,899.5891551294778,80.5685222073102,234315.92284783506,21
192.168.1.32,10.0.0.3,795.7534365738574,65.69359446172437,205294.72265576173,443
192.168.1.47,10.0.0.3,1141.6712894598706,82.34478901349308,229220.64902362422,80
192.168.1.22,10.0.0.3,1048.7601427542397,52.23518191940357,298822.0292257743,8080
192.168.1.23,10.0.0.3,887.1842738526543,80.91284902424584,121787.91941444743,80
192.168.1.2,10.0.0.4,743.9391202658212,56.1962394578041,280860.6287484312,80
192.168.1.27,10.0.0.5,1174.491465656029,57.17981069236964,205217.79687616066,12345
192.168.1.42,10.0.0.2,1130.0402355917322,58.80127452577126,155060.79758384358,80
192.168.1.2,10.0.0.2,980.1648272441234,57.81379288841269,133484.3187130505,21
192.168.1.26,10.0.0.3,1369.3273992095333,60.85840396726503,190543.9804611483,80
192.168.1.17,10.0.0.3,785.9830467347695,54.199719975115606,246082.50559622297,21
192.168.1.40,10.0.0.1,694.8949658150523,68.29962173071372,193622.54398112328,8080
192.168.1.33,10.0.0.5,861.6183860237511,54.471649653788205,275557.7465123674,21
192.168.1.9,10.0.0.4,990.8827967289004,66.55610398252891,127441.21549742206,8080
192.168.1.43,10.0.0.2,1048.6678898645384,75.27723619523765,199395.55260769726,8080
192.168.1.48,10.0.0.1,951.752788428734,56.4289763019226,137380.32777934405,21
192.168.1.39,10.0.0.1,1070.4110793028594,67.94383417979178,218181.5941312484,443
192.168.1.29,10.0.0.2,749.6921151619111,65.59159288903184,244344.36950486503,22
192.168.1.42,10.0.0.4,1288.7529208146518,82.5288688221975,178961.91031594735,80
192.168.1.26,10.0.0.1,983.5697643214862,54.9516943515505,69789.3071686433,12345
192.168.1.35,10.0.0.1,1223.4591663176254,67.95071616805784,209947.4073398247,22
192.168.1.50,10.0.0.5,1068.5450692755408,43.73988908223447,221836.92758667548,80
192.168.1.25,10.0.0.4,1091.3506438307568,55.04141589263187,220214.73774808488,80
192.168.1.24,10.0.0.1,1113.9534560464408,63.53392837596908,261789.1095911077,8080
192.168.1.13,10.0.0.4,1089.541712003463,73.93159969089781,146447.31601754756,80
192.168.1.7,10.0.0.2,1128.5445519735088,47.74066635015797,234010.80527252247,12345
192.168.1.36,10.0.0.3,1265.8305060264863,67.86090640741111,259625.37562389876,80
192.168.1.45,10.0.0.1,1039.3042339402941,59.36776543517041,111070.62079967416,21
192.168.1.20,10.0.0.5,1141.8007515177023,44.784723466076876,215982.59129594886,22
192.168.1.1,10.0.0.2,982.0528611425547,61.8158684594879,174791.00844961643,21
192.168.1.8,10.0.0.4,1288.0234430898945,77.09161232978212,195923.8663449177,12345
192.168.1.46,10.0.0.2,864.721539588146,48.79577340088383,217383.82417691682,80
192.168.1.16,10.0.0.1,1360.1880865821631,58.90062284629816,175638.5717943224,12345
192.168.1.14,10.0.0.4,991.9684098711314,50.13361015360434,166214.5960419194,8080
192.168.1.12,10.0.0.3,713.8449795763904,55.31417068089984,201707.62087440124,21
192.168.1.23,10.0.0.2,1025.6208829821578,74.32170143524633,145637.70305685987,21
192.168.1.15,10.0.0.1,863.7896685050239,57.284755245086174,145708.74355574074,443
192.168.1.28,10.0.0.5,1168.1287097977447,74.01565737515327,233968.66414782515,80
192.168.1.34,10.0.0.4,869.4752041395218,71.09054047931586,142560.2982420672,8080
192.168.1.2,10.0.0.2,910.763313357044,56.37262086515552,233315.6250454606,21
192.168.1.32,10.0.0.2,622.0918538108938,54.974005393937674,223129.56464269757,21
192.168.1.23,10.0.0.3,909.5387361501846,51.04001193185498,113709.66356047016,8080
192.168.1.22,10.0.0.3,515.2241346742087,50.69118805806596,166121.76738321723,12345
192.168.1.25,10.0.0.5,683.2194353028553,63.53207394507843,259705.47015236862,12345
192.168.1.22,10.0.0.5,1152.0829312288595,59.802146847850345,150941.72344301592,80
192.168.1.22,10.0.0.1,1157.1600317301663,53.76394565070793,176779.78688453062,443
192.168.1.49,10.0.0.1,1085.091512356993,44.51237077876721,223103.04466259482,21
192.168.1.42,10.0.0.5,806.6047713741574,61.06178767822212,239169.52546412978,443
192.168.1.6,10.0.0.5,990.457728771604,55.304478209386666,187423.0556977752,12345
192.168.1.15,10.0.0.4,999.2794921818863,58.04702304417906,170124.49026541793,12345
192.168.1.43,10.0.0.3,768.3270621614914,63.04661828698082,271118.4930849254,22
192.168.1.37,10.0.0.1,1300.67966035343,34.981971386121366,286944.9831898789,80
192.168.1.33,10.0.0.3,1175.4724581151343,44.66725396290875,248942.9025390898,22
192.168.1.8,10.0.0.3,955.8071652340673,82.96443076805188,204265.90712825122,22
192.168.1.44,10.0.0.5,1005.3771677989062,54.93389493300382,159586.7139179537,22
192.168.1.44,10.0.0.4,1041.6765615895106,34.82566897602471,158477.77967217175,80
192.168.1.5,10.0.0.2,591.6530263151419,45.50059820483747,226125.70526328788,80
192.168.1.39,10.0.0.4,950.5645234958806,84.84467368641432,220919.91104443418,8080
192.168.1.4,10.0.0.4,863.6031504004403,52.9700253973016,270079.92964732146,443
192.168.1.6,10.0.0.3,799.6759980210169,71.59015244897157,232522.50462680697,443
192.168.1.45,10.0.0.4,943.779941422809,61.211179983372055,124845.9849120091,8080
192.168.1.32,10.0.0.1,1359.5373053699045,55.150329625010286,252597.38088614593,8080
192.168.1.30,10.0.0.3,1128.168572253402,67.75445470763093,150096.96863427936,12345
192.168.1.47,10.0.0.1,885.7642020434406,36.15643324643712,180801.43640238242,22
192.168.1.35,10.0.0.2,1114.5165562712318,45.58867380143397,212510.01031258472,8080
192.168.1.40,10.0.0.3,1279.8710873172004,55.07648987860439,299783.3744891982,21
192.168.1.16,10.0.0.2,1184.9267365825538,46.570956017303914,355495.92780026805,443
192.168.1.13,10.0.0.3,1011.9260739840348,54.19222211496029,230336.15295680915,8080
192.168.1.50,10.0.0.5,870.6126444588853,68.53713045682828,190840.1690639806,21
192.168.1.42,10.0.0.4,1139.644662722718,61.32136721335981,226725.2824240275,21
192.168.1.30,10.0.0.5,1078.69707708435,73.30617035509589,244382.7712936918,21
192.168.1.19,10.0.0.2,1179.0386440055465,61.95375284351744,183966.6187221404,12345
192.168.1.17,10.0.0.4,1127.034360336394,69.92460831494526,289760.5677956161,12345
192.168.1.19,10.0.0.3,1209.910543063867,59.359296998715024,211503.5379595701,21
192.168.1.28,10.0.0.4,892.9529576878864,54.097245166402175,224887.1544545697,12345
192.168.1.26,10.0.0.1,1263.4788131268651,74.80568055541889,233296.21260272307,22
192.168.1.37,10.0.0.4,1039.51992093848,52.90649712063933,221079.3305307228,21
192.168.1.26,10.0.0.1,15000.0,600.0,5000000.0,22
192.168.1.23,10.0.0.4,862.1624363820864,67.68897363224474,169137.34067265384,22
192.168.1.9,10.0.0.1,1347.1927606330498,68.41492704470856,172084.91230269847,21
192.168.1.12,10.0.0.2,1039.5821566925295,48.3455732977998,144992.28835141525,443
192.168.1.1,10.0.0.5,12000.0,1200.0,8000000.0,21
192.168.1.1,10.0.0.3,903.2228331891357,50.2104475389273,238946.8251756057,21
192.168.1.47,10.0.0.4,935.930538361136,68.10703655349994,222888.6433075943,12345
192.168.1.34,10.0.0.5,1084.8331892803833,65.35173471049099,283724.62166737684,21
192.168.1.32,10.0.0.3,1104.5670976070999,68.18630661779899,199720.19905854767,443
192.168.1.48,10.0.0.3,885.2599992122842,47.94996478900973,233437.08277962563,12345
192.168.1.25,10.0.0.1,995.1290815478035,65.87929742734391,145414.95619303428,80
192.168.1.40,10.0.0.2,1428.4540717223726,70.85593676408172,180645.01487627995,80
192.168.1.45,10.0.0.2,1345.5086340201424,61.933957831617406,234776.88787828886,22
192.168.1.1,10.0.0.5,1087.2647339348064,51.81383320395423,242455.10553715721,22
192.168.1.16,10.0.0.2,1007.60069563364,69.1974761432799,185301.6526167909,443
192.168.1.39,10.0.0.4,1024.0062653436523,61.1391962810077,196420.03740709665,8080
192.168.1.5,10.0.0.2,1122.7035945460834,43.25555736172304,124106.31266595953,80
192.168.1.22,10.0.0.5,795.4414869603189,51.0381053768334,182148.53995966952,22
192.168.1.29,10.0.0.2,948.524692515331,54.737054687730264,244519.15817598932,80
192.168.1.3,10.0.0.4,666.2831852244822,75.05818287639656,228760.2508053283,443
192.168.1.12,10.0.0.1,1079.844624521056,73.30183086306215,225033.28606906047,443
192.168.1.26,10.0.0.5,1129.4391879405482,73.26968531056676,202488.684359048,8080
192.168.1.16,10.0.0.1,903.3627075401253,62.32360277683866,200353.15793140882,8080
192.168.1.37,10.0.0.1,1314.7973526580065,69.135947917792,166983.94302632764,12345
192.168.1.22,10.0.0.1,754.8468673995318,48.59220591314109,234941.42101012674,443
192.168.1.29,10.0.0.3,707.125023958036,60.06803098392771,221048.64721946948,22
192.168.1.14,10.0.0.3,1044.8903637119945,64.51632701649596,224600.94239963996,80
192.168.1.28,10.0.0.1,1209.4196605224308,49.251009426908794,173698.257866621,21
192.168.1.5,10.0.0.5,1336.7855382915736,62.0991208964187,92332.85400643777,8080
192.168.1.47,10.0.0.4,908.223147426212,76.86639185804344,254857.63558768478,21
192.168.1.49,10.0.0.4,1215.7361666862591,65.58769784560627,176058.1271995798,22
192.168.1.30,10.0.0.2,992.2983060998586,69.17545206664121,156861.21179784398,8080
192.168.1.46,10.0.0.5,965.4745400118361,35.475930765677376,234673.94559569968,21
192.168.1.5,10.0.0.3,1176.7319874973346,75.57968849152924,180399.36800404353,22
192.168.1.12,10.0.0.1,1130.464575682684,58.1387765224783,252996.8192023311,80
192.168.1.16,10.0.0.2,684.7215686031501,52.313136859299576,230850.29747883487,22
192.168.1.26,10.0.0.4,1295.308069945179,58.2536214819007,234178.46616002388,12345
192.168.1.26,10.0.0.3,12000.0,900.0,8000000.0,8080
